{
  "properties": {
    "connectionReferences": {
      "shared_commondataserviceforapps": {
        "runtimeSource": "embedded",
        "connection": {
          "connectionReferenceLogicalName": "new_sharedcommondataserviceforapps_d04e4"
        },
        "api": {
          "name": "shared_commondataserviceforapps"
        }
      },
      "shared_approvals": {
        "runtimeSource": "embedded",
        "connection": {
          "connectionReferenceLogicalName": "new_sharedapprovals_29e77"
        },
        "api": {
          "name": "shared_approvals"
        }
      },
      "shared_office365": {
        "runtimeSource": "embedded",
        "connection": {
          "connectionReferenceLogicalName": "new_sharedoffice365_eca6d"
        },
        "api": {
          "name": "shared_office365"
        }
      }
    },
    "definition": {
      "$schema": "https://schema.management.azure.com/providers/Microsoft.Logic/schemas/2016-06-01/workflowdefinition.json#",
      "contentVersion": "1.0.0.0",
      "parameters": {
        "$connections": {
          "defaultValue": {},
          "type": "Object"
        },
        "$authentication": {
          "defaultValue": {},
          "type": "SecureObject"
        }
      },
      "triggers": {
        "Applicationsの行が追加された場合": {
          "metadata": {
            "operationMetadataId": "f02d7935-9af2-42a6-aded-5b3f51f51ab9"
          },
          "type": "OpenApiConnectionWebhook",
          "inputs": {
            "host": {
              "connectionName": "shared_commondataserviceforapps",
              "operationId": "SubscribeWebhookTrigger",
              "apiId": "/providers/Microsoft.PowerApps/apis/shared_commondataserviceforapps"
            },
            "parameters": {
              "subscriptionRequest/message": 1,
              "subscriptionRequest/entityname": "ya_application",
              "subscriptionRequest/scope": 4,
              "subscriptionRequest/filterexpression": "ya_applicationid ne null"
            },
            "authentication": "@parameters('$authentication')"
          }
        }
      },
      "actions": {
        "変数Approversを初期化する": {
          "runAfter": {
            "JSON_の解析": [
              "Succeeded"
            ]
          },
          "metadata": {
            "operationMetadataId": "35fe5fd7-acfe-4c43-997f-6f5392d2af0c"
          },
          "type": "InitializeVariable",
          "inputs": {
            "variables": [
              {
                "name": "Approvers",
                "type": "array",
                "value": [
                  "@body('JSON_の解析')?['_ya_approver1_value']"
                ]
              }
            ]
          }
        },
        "作成": {
          "runAfter": {
            "条件_2": [
              "Succeeded"
            ]
          },
          "metadata": {
            "operationMetadataId": "e7c5daa1-9d69-45af-b18e-d6354d5775fb"
          },
          "type": "Compose",
          "inputs": "@variables('Approvers')"
        },
        "ApprovalPathsの行を一覧にする": {
          "runAfter": {},
          "metadata": {
            "operationMetadataId": "31582d09-0e49-431a-9e8b-f6ac027c06b5"
          },
          "type": "OpenApiConnection",
          "inputs": {
            "host": {
              "connectionName": "shared_commondataserviceforapps",
              "operationId": "ListRecords",
              "apiId": "/providers/Microsoft.PowerApps/apis/shared_commondataserviceforapps"
            },
            "parameters": {
              "entityName": "@triggerOutputs()?['body/_ya_approvalpath_type']",
              "$filter": "ya_approvalpathid eq '@{triggerOutputs()?['body/_ya_approvalpath_value']}'",
              "$top": 1
            },
            "authentication": "@parameters('$authentication')"
          }
        },
        "JSON_の解析": {
          "runAfter": {
            "変数ApplicantMailAddressを初期化する": [
              "Succeeded"
            ]
          },
          "metadata": {
            "operationMetadataId": "836f86bb-df08-4836-b4bc-78f3508c6ac2"
          },
          "type": "ParseJson",
          "inputs": {
            "content": "@first(outputs('ApprovalPathsの行を一覧にする')?['body/value'])",
            "schema": {
              "type": "object",
              "properties": {
                "@@odata.type": {
                  "type": "string"
                },
                "@@odata.id": {
                  "type": "string"
                },
                "@@odata.etag": {
                  "type": "string"
                },
                "@@odata.editLink": {
                  "type": "string"
                },
                "_owningbusinessunit_value@OData.Community.Display.V1.FormattedValue": {
                  "type": "string"
                },
                "_owningbusinessunit_value@Microsoft.Dynamics.CRM.associatednavigationproperty": {
                  "type": "string"
                },
                "_owningbusinessunit_value@Microsoft.Dynamics.CRM.lookuplogicalname": {
                  "type": "string"
                },
                "_owningbusinessunit_value@odata.type": {
                  "type": "string"
                },
                "_owningbusinessunit_value": {
                  "type": "string"
                },
                "_ya_approver1_value@OData.Community.Display.V1.FormattedValue": {
                  "type": "string"
                },
                "_ya_approver1_value@Microsoft.Dynamics.CRM.associatednavigationproperty": {
                  "type": "string"
                },
                "_ya_approver1_value@Microsoft.Dynamics.CRM.lookuplogicalname": {
                  "type": "string"
                },
                "_ya_approver1_value@odata.type": {
                  "type": "string"
                },
                "_ya_approver1_value": {
                  "type": "string"
                },
                "ya_approvalpathid@odata.type": {
                  "type": "string"
                },
                "ya_approvalpathid": {
                  "type": "string"
                },
                "statecode@OData.Community.Display.V1.FormattedValue": {
                  "type": "string"
                },
                "statecode": {
                  "type": "integer"
                },
                "statuscode@OData.Community.Display.V1.FormattedValue": {
                  "type": "string"
                },
                "statuscode": {
                  "type": "integer"
                },
                "_createdby_value@OData.Community.Display.V1.FormattedValue": {
                  "type": "string"
                },
                "_createdby_value@Microsoft.Dynamics.CRM.lookuplogicalname": {
                  "type": "string"
                },
                "_createdby_value@odata.type": {
                  "type": "string"
                },
                "_createdby_value": {
                  "type": "string"
                },
                "ya_name": {
                  "type": "string"
                },
                "_ya_approver2_value@OData.Community.Display.V1.FormattedValue": {
                  "type": "string"
                },
                "_ya_approver2_value@Microsoft.Dynamics.CRM.associatednavigationproperty": {
                  "type": "string"
                },
                "_ya_approver2_value@Microsoft.Dynamics.CRM.lookuplogicalname": {
                  "type": "string"
                },
                "_ya_approver2_value@odata.type": {
                  "type": "string"
                },
                "_ya_approver2_value": {
                  "type": "string"
                },
                "modifiedon@OData.Community.Display.V1.FormattedValue": {
                  "type": "string"
                },
                "modifiedon@odata.type": {
                  "type": "string"
                },
                "modifiedon": {
                  "type": "string"
                },
                "_owninguser_value@Microsoft.Dynamics.CRM.lookuplogicalname": {
                  "type": "string"
                },
                "_owninguser_value@odata.type": {
                  "type": "string"
                },
                "_owninguser_value": {
                  "type": "string"
                },
                "_modifiedby_value@OData.Community.Display.V1.FormattedValue": {
                  "type": "string"
                },
                "_modifiedby_value@Microsoft.Dynamics.CRM.lookuplogicalname": {
                  "type": "string"
                },
                "_modifiedby_value@odata.type": {
                  "type": "string"
                },
                "_modifiedby_value": {
                  "type": "string"
                },
                "versionnumber@OData.Community.Display.V1.FormattedValue": {
                  "type": "string"
                },
                "versionnumber@odata.type": {
                  "type": "string"
                },
                "versionnumber": {
                  "type": "integer"
                },
                "createdon@OData.Community.Display.V1.FormattedValue": {
                  "type": "string"
                },
                "createdon@odata.type": {
                  "type": "string"
                },
                "createdon": {
                  "type": "string"
                },
                "_ownerid_value@OData.Community.Display.V1.FormattedValue": {
                  "type": "string"
                },
                "_ownerid_value@Microsoft.Dynamics.CRM.associatednavigationproperty": {
                  "type": "string"
                },
                "_ownerid_value@Microsoft.Dynamics.CRM.lookuplogicalname": {
                  "type": "string"
                },
                "_ownerid_value@odata.type": {
                  "type": "string"
                },
                "_ownerid_value": {
                  "type": "string"
                },
                "owningbusinessunit@odata.associationLink": {
                  "type": "string"
                },
                "owningbusinessunit@odata.navigationLink": {
                  "type": "string"
                },
                "ya_Approver1@odata.associationLink": {
                  "type": "string"
                },
                "ya_Approver1@odata.navigationLink": {
                  "type": "string"
                },
                "ya_Approver2@odata.associationLink": {
                  "type": "string"
                },
                "ya_Approver2@odata.navigationLink": {
                  "type": "string"
                },
                "ownerid@odata.associationLink": {
                  "type": "string"
                },
                "ownerid@odata.navigationLink": {
                  "type": "string"
                },
                "createdby@odata.associationLink": {
                  "type": "string"
                },
                "createdby@odata.navigationLink": {
                  "type": "string"
                },
                "createdonbehalfby@odata.associationLink": {
                  "type": "string"
                },
                "createdonbehalfby@odata.navigationLink": {
                  "type": "string"
                },
                "modifiedby@odata.associationLink": {
                  "type": "string"
                },
                "modifiedby@odata.navigationLink": {
                  "type": "string"
                },
                "modifiedonbehalfby@odata.associationLink": {
                  "type": "string"
                },
                "modifiedonbehalfby@odata.navigationLink": {
                  "type": "string"
                },
                "owninguser@odata.associationLink": {
                  "type": "string"
                },
                "owninguser@odata.navigationLink": {
                  "type": "string"
                },
                "owningteam@odata.associationLink": {
                  "type": "string"
                },
                "owningteam@odata.navigationLink": {
                  "type": "string"
                },
                "ya_approvalpath_SyncErrors@odata.associationLink": {
                  "type": "string"
                },
                "ya_approvalpath_SyncErrors@odata.navigationLink": {
                  "type": "string"
                },
                "ya_approvalpath_DuplicateMatchingRecord@odata.associationLink": {
                  "type": "string"
                },
                "ya_approvalpath_DuplicateMatchingRecord@odata.navigationLink": {
                  "type": "string"
                },
                "ya_approvalpath_DuplicateBaseRecord@odata.associationLink": {
                  "type": "string"
                },
                "ya_approvalpath_DuplicateBaseRecord@odata.navigationLink": {
                  "type": "string"
                },
                "ya_approvalpath_AsyncOperations@odata.associationLink": {
                  "type": "string"
                },
                "ya_approvalpath_AsyncOperations@odata.navigationLink": {
                  "type": "string"
                },
                "ya_approvalpath_MailboxTrackingFolders@odata.associationLink": {
                  "type": "string"
                },
                "ya_approvalpath_MailboxTrackingFolders@odata.navigationLink": {
                  "type": "string"
                },
                "ya_approvalpath_UserEntityInstanceDatas@odata.associationLink": {
                  "type": "string"
                },
                "ya_approvalpath_UserEntityInstanceDatas@odata.navigationLink": {
                  "type": "string"
                },
                "ya_approvalpath_ProcessSession@odata.associationLink": {
                  "type": "string"
                },
                "ya_approvalpath_ProcessSession@odata.navigationLink": {
                  "type": "string"
                },
                "ya_approvalpath_BulkDeleteFailures@odata.associationLink": {
                  "type": "string"
                },
                "ya_approvalpath_BulkDeleteFailures@odata.navigationLink": {
                  "type": "string"
                },
                "ya_approvalpath_PrincipalObjectAttributeAccesses@odata.associationLink": {
                  "type": "string"
                },
                "ya_approvalpath_PrincipalObjectAttributeAccesses@odata.navigationLink": {
                  "type": "string"
                },
                "ya_Approver3@odata.associationLink": {
                  "type": "string"
                },
                "ya_Approver3@odata.navigationLink": {
                  "type": "string"
                },
                "ya_ApprovalPath_ya_ApprovalPath_ya_Applic@odata.associationLink": {
                  "type": "string"
                },
                "ya_ApprovalPath_ya_ApprovalPath_ya_Applic@odata.navigationLink": {
                  "type": "string"
                }
              }
            }
          }
        },
        "条件": {
          "actions": {
            "配列変数に追加": {
              "runAfter": {},
              "metadata": {
                "operationMetadataId": "65f8b903-7587-47db-b413-84be210a2472"
              },
              "type": "AppendToArrayVariable",
              "inputs": {
                "name": "Approvers",
                "value": "@body('JSON_の解析')?['_ya_approver2_value']"
              }
            }
          },
          "runAfter": {
            "変数Approversを初期化する": [
              "Succeeded"
            ]
          },
          "expression": {
            "not": {
              "equals": [
                "@body('JSON_の解析')?['_ya_approver2_value']",
                "@null"
              ]
            }
          },
          "metadata": {
            "operationMetadataId": "4e1f306a-8530-4ef6-8cc1-78a6820b5714"
          },
          "type": "If"
        },
        "条件_2": {
          "actions": {
            "配列変数に追加_2": {
              "runAfter": {},
              "metadata": {
                "operationMetadataId": "b32aa15e-d466-4606-8645-ddb8be3e557e"
              },
              "type": "AppendToArrayVariable",
              "inputs": {
                "name": "Approvers",
                "value": "@body('JSON_の解析')?['_ya_approver3_value']"
              }
            }
          },
          "runAfter": {
            "条件": [
              "Succeeded"
            ]
          },
          "expression": {
            "not": {
              "equals": [
                "@body('JSON_の解析')?['_ya_approver3_value']",
                "@null"
              ]
            }
          },
          "metadata": {
            "operationMetadataId": "f38841a4-0b77-4c39-b95d-c3c4f7f9f4f0"
          },
          "type": "If"
        },
        "変数NumberOfApproversを初期化する": {
          "runAfter": {
            "作成": [
              "Succeeded"
            ]
          },
          "metadata": {
            "operationMetadataId": "766b38da-f25b-47db-8ff5-95a0dc4adf1d"
          },
          "type": "InitializeVariable",
          "inputs": {
            "variables": [
              {
                "name": "NumberOfApprovers",
                "type": "integer",
                "value": "@length(variables('Approvers'))"
              }
            ]
          }
        },
        "変数iを初期化する": {
          "runAfter": {
            "変数を初期化する": [
              "Succeeded"
            ]
          },
          "metadata": {
            "operationMetadataId": "2b7fb0be-caf3-48bf-84b3-14e802e4e62b"
          },
          "type": "InitializeVariable",
          "inputs": {
            "variables": [
              {
                "name": "i",
                "type": "integer",
                "value": 1
              }
            ]
          }
        },
        "Apply_to_each": {
          "foreach": "@variables('Approvers')",
          "actions": {
            "変数の値を増やす": {
              "runAfter": {
                "条件_3": [
                  "Succeeded"
                ]
              },
              "metadata": {
                "operationMetadataId": "d4eb8ec8-b0d7-4276-a427-e67cbaf03707"
              },
              "type": "IncrementVariable",
              "inputs": {
                "name": "i",
                "value": 1
              }
            },
            "条件_3": {
              "actions": {
                "現在の承認者を取得する": {
                  "runAfter": {},
                  "metadata": {
                    "operationMetadataId": "e53a7347-5617-43cb-8bf2-bd8296703963"
                  },
                  "type": "OpenApiConnection",
                  "inputs": {
                    "host": {
                      "connectionName": "shared_commondataserviceforapps",
                      "operationId": "GetItem",
                      "apiId": "/providers/Microsoft.PowerApps/apis/shared_commondataserviceforapps"
                    },
                    "parameters": {
                      "entityName": "ya_staffs",
                      "recordId": "@items('Apply_to_each')"
                    },
                    "authentication": "@parameters('$authentication')"
                  }
                },
                "開始して承認を待機": {
                  "runAfter": {
                    "現在の承認者を取得する": [
                      "Succeeded"
                    ]
                  },
                  "metadata": {
                    "operationMetadataId": "43c212f8-2317-4f35-b304-6d8d86178ea2"
                  },
                  "type": "OpenApiConnectionWebhook",
                  "inputs": {
                    "host": {
                      "connectionName": "shared_approvals",
                      "operationId": "StartAndWaitForAnApproval",
                      "apiId": "/providers/Microsoft.PowerApps/apis/shared_approvals"
                    },
                    "parameters": {
                      "approvalType": "BasicAwaitAll",
                      "WebhookApprovalCreationInput/title": "有給休暇申請",
                      "WebhookApprovalCreationInput/assignedTo": "@{outputs('現在の承認者を取得する')?['body/ya_mailaddress']};",
                      "WebhookApprovalCreationInput/details": "申請者: @{variables('ApplicantName')}\n期間: @{triggerOutputs()?['body/ya_startdate']}～@{triggerOutputs()?['body/ya_enddate']}",
                      "WebhookApprovalCreationInput/requestor": "@{variables('ApplicantMailAddress')};",
                      "WebhookApprovalCreationInput/enableNotifications": true,
                      "WebhookApprovalCreationInput/enableReassignment": true
                    },
                    "authentication": "@parameters('$authentication')"
                  }
                },
                "条件_4": {
                  "actions": {
                    "スイッチ": {
                      "runAfter": {},
                      "cases": {
                        "ケース": {
                          "case": 1,
                          "actions": {
                            "行を更新する": {
                              "runAfter": {},
                              "type": "OpenApiConnection",
                              "inputs": {
                                "host": {
                                  "connectionName": "shared_commondataserviceforapps",
                                  "operationId": "UpdateRecord",
                                  "apiId": "/providers/Microsoft.PowerApps/apis/shared_commondataserviceforapps"
                                },
                                "parameters": {
                                  "entityName": "ya_applications",
                                  "recordId": "@triggerOutputs()?['body/ya_applicationid']",
                                  "item/ya_approvedat1": "@addHours(utcNow(), -9)"
                                },
                                "authentication": "@parameters('$authentication')"
                              }
                            }
                          }
                        },
                        "ケース_2": {
                          "case": 2,
                          "actions": {
                            "行を更新する_2": {
                              "runAfter": {},
                              "type": "OpenApiConnection",
                              "inputs": {
                                "host": {
                                  "connectionName": "shared_commondataserviceforapps",
                                  "operationId": "UpdateRecord",
                                  "apiId": "/providers/Microsoft.PowerApps/apis/shared_commondataserviceforapps"
                                },
                                "parameters": {
                                  "entityName": "ya_applications",
                                  "recordId": "@triggerOutputs()?['body/ya_applicationid']",
                                  "item/ya_approvedat2": "@addHours(utcNow(), -9)"
                                },
                                "authentication": "@parameters('$authentication')"
                              }
                            }
                          }
                        },
                        "ケース_3": {
                          "case": 3,
                          "actions": {
                            "行を更新する_3": {
                              "runAfter": {},
                              "type": "OpenApiConnection",
                              "inputs": {
                                "host": {
                                  "connectionName": "shared_commondataserviceforapps",
                                  "operationId": "UpdateRecord",
                                  "apiId": "/providers/Microsoft.PowerApps/apis/shared_commondataserviceforapps"
                                },
                                "parameters": {
                                  "entityName": "ya_applications",
                                  "recordId": "@triggerOutputs()?['body/ya_applicationid']",
                                  "item/ya_approvedat3": "@addHours(utcNow(), -9)"
                                },
                                "authentication": "@parameters('$authentication')"
                              }
                            }
                          }
                        }
                      },
                      "default": {
                        "actions": {}
                      },
                      "expression": "@variables('i')",
                      "metadata": {
                        "operationMetadataId": "ea494251-e490-4e12-a628-e7ac8a08a9fb"
                      },
                      "type": "Switch"
                    }
                  },
                  "runAfter": {
                    "開始して承認を待機": [
                      "Succeeded"
                    ]
                  },
                  "else": {
                    "actions": {
                      "変数の設定": {
                        "runAfter": {},
                        "metadata": {
                          "operationMetadataId": "6c058cde-1217-49ca-8007-4238d40fbeb8"
                        },
                        "type": "SetVariable",
                        "inputs": {
                          "name": "Rejected",
                          "value": true
                        }
                      }
                    }
                  },
                  "expression": {
                    "equals": [
                      "@outputs('開始して承認を待機')?['body/outcome']",
                      "Approve"
                    ]
                  },
                  "metadata": {
                    "operationMetadataId": "77d790f6-8358-41c6-b2f3-9ef01dcebfdb"
                  },
                  "type": "If"
                }
              },
              "runAfter": {},
              "expression": {
                "equals": [
                  "@variables('Rejected')",
                  false
                ]
              },
              "metadata": {
                "operationMetadataId": "f304eb34-d3b4-409a-ab74-1580d9d78827"
              },
              "type": "If"
            }
          },
          "runAfter": {
            "変数iを初期化する": [
              "Succeeded"
            ]
          },
          "metadata": {
            "operationMetadataId": "17a21702-ce4d-4009-84ce-42ca45a8c54b"
          },
          "type": "Foreach"
        },
        "Applicantを一覧にする": {
          "runAfter": {
            "ApprovalPathsの行を一覧にする": [
              "Succeeded"
            ]
          },
          "metadata": {
            "operationMetadataId": "6b22fc05-9886-4533-9920-0304750c7ee7"
          },
          "type": "OpenApiConnection",
          "inputs": {
            "host": {
              "connectionName": "shared_commondataserviceforapps",
              "operationId": "ListRecords",
              "apiId": "/providers/Microsoft.PowerApps/apis/shared_commondataserviceforapps"
            },
            "parameters": {
              "entityName": "@triggerOutputs()?['body/_ya_applicant_type']",
              "$filter": "ya_staffid eq '@{triggerOutputs()?['body/_ya_applicant_value']}'"
            },
            "authentication": "@parameters('$authentication')"
          }
        },
        "変数ApplicantNameを初期化する": {
          "runAfter": {
            "Applicantの解析": [
              "Succeeded"
            ]
          },
          "metadata": {
            "operationMetadataId": "da819bd0-d74a-4442-a22a-267176dc7955"
          },
          "type": "InitializeVariable",
          "inputs": {
            "variables": [
              {
                "name": "ApplicantName",
                "type": "string",
                "value": "@body('Applicantの解析')?['ya_name']"
              }
            ]
          }
        },
        "Applicantの解析": {
          "runAfter": {
            "Applicantを一覧にする": [
              "Succeeded"
            ]
          },
          "metadata": {
            "operationMetadataId": "35eb9117-45ec-48ea-898d-7fc1173477d5"
          },
          "type": "ParseJson",
          "inputs": {
            "content": "@first(outputs('Applicantを一覧にする')?['body/value'])",
            "schema": {
              "type": "object",
              "properties": {
                "@@odata.type": {
                  "type": "string"
                },
                "@@odata.id": {
                  "type": "string"
                },
                "@@odata.etag": {
                  "type": "string"
                },
                "@@odata.editLink": {
                  "type": "string"
                },
                "ya_staffid@odata.type": {
                  "type": "string"
                },
                "ya_staffid": {
                  "type": "string"
                },
                "_owningbusinessunit_value@OData.Community.Display.V1.FormattedValue": {
                  "type": "string"
                },
                "_owningbusinessunit_value@Microsoft.Dynamics.CRM.associatednavigationproperty": {
                  "type": "string"
                },
                "_owningbusinessunit_value@Microsoft.Dynamics.CRM.lookuplogicalname": {
                  "type": "string"
                },
                "_owningbusinessunit_value@odata.type": {
                  "type": "string"
                },
                "_owningbusinessunit_value": {
                  "type": "string"
                },
                "ya_name": {
                  "type": "string"
                },
                "statecode@OData.Community.Display.V1.FormattedValue": {
                  "type": "string"
                },
                "statecode": {
                  "type": "integer"
                },
                "statuscode@OData.Community.Display.V1.FormattedValue": {
                  "type": "string"
                },
                "statuscode": {
                  "type": "integer"
                },
                "_createdby_value@OData.Community.Display.V1.FormattedValue": {
                  "type": "string"
                },
                "_createdby_value@Microsoft.Dynamics.CRM.lookuplogicalname": {
                  "type": "string"
                },
                "_createdby_value@odata.type": {
                  "type": "string"
                },
                "_createdby_value": {
                  "type": "string"
                },
                "createdon@OData.Community.Display.V1.FormattedValue": {
                  "type": "string"
                },
                "createdon@odata.type": {
                  "type": "string"
                },
                "createdon": {
                  "type": "string"
                },
                "_ownerid_value@OData.Community.Display.V1.FormattedValue": {
                  "type": "string"
                },
                "_ownerid_value@Microsoft.Dynamics.CRM.associatednavigationproperty": {
                  "type": "string"
                },
                "_ownerid_value@Microsoft.Dynamics.CRM.lookuplogicalname": {
                  "type": "string"
                },
                "_ownerid_value@odata.type": {
                  "type": "string"
                },
                "_ownerid_value": {
                  "type": "string"
                },
                "modifiedon@OData.Community.Display.V1.FormattedValue": {
                  "type": "string"
                },
                "modifiedon@odata.type": {
                  "type": "string"
                },
                "modifiedon": {
                  "type": "string"
                },
                "_owninguser_value@Microsoft.Dynamics.CRM.lookuplogicalname": {
                  "type": "string"
                },
                "_owninguser_value@odata.type": {
                  "type": "string"
                },
                "_owninguser_value": {
                  "type": "string"
                },
                "_modifiedby_value@OData.Community.Display.V1.FormattedValue": {
                  "type": "string"
                },
                "_modifiedby_value@Microsoft.Dynamics.CRM.lookuplogicalname": {
                  "type": "string"
                },
                "_modifiedby_value@odata.type": {
                  "type": "string"
                },
                "_modifiedby_value": {
                  "type": "string"
                },
                "_ya_manager_value@OData.Community.Display.V1.FormattedValue": {
                  "type": "string"
                },
                "_ya_manager_value@Microsoft.Dynamics.CRM.associatednavigationproperty": {
                  "type": "string"
                },
                "_ya_manager_value@Microsoft.Dynamics.CRM.lookuplogicalname": {
                  "type": "string"
                },
                "_ya_manager_value@odata.type": {
                  "type": "string"
                },
                "_ya_manager_value": {
                  "type": "string"
                },
                "versionnumber@OData.Community.Display.V1.FormattedValue": {
                  "type": "string"
                },
                "versionnumber@odata.type": {
                  "type": "string"
                },
                "versionnumber": {
                  "type": "integer"
                },
                "ya_mailaddress": {
                  "type": "string"
                },
                "_ya_department_value@OData.Community.Display.V1.FormattedValue": {
                  "type": "string"
                },
                "_ya_department_value@Microsoft.Dynamics.CRM.associatednavigationproperty": {
                  "type": "string"
                },
                "_ya_department_value@Microsoft.Dynamics.CRM.lookuplogicalname": {
                  "type": "string"
                },
                "_ya_department_value@odata.type": {
                  "type": "string"
                },
                "_ya_department_value": {
                  "type": "string"
                },
                "owningbusinessunit@odata.associationLink": {
                  "type": "string"
                },
                "owningbusinessunit@odata.navigationLink": {
                  "type": "string"
                },
                "ownerid@odata.associationLink": {
                  "type": "string"
                },
                "ownerid@odata.navigationLink": {
                  "type": "string"
                },
                "ya_Manager@odata.associationLink": {
                  "type": "string"
                },
                "ya_Manager@odata.navigationLink": {
                  "type": "string"
                },
                "ya_Department@odata.associationLink": {
                  "type": "string"
                },
                "ya_Department@odata.navigationLink": {
                  "type": "string"
                },
                "createdby@odata.associationLink": {
                  "type": "string"
                },
                "createdby@odata.navigationLink": {
                  "type": "string"
                },
                "createdonbehalfby@odata.associationLink": {
                  "type": "string"
                },
                "createdonbehalfby@odata.navigationLink": {
                  "type": "string"
                },
                "modifiedby@odata.associationLink": {
                  "type": "string"
                },
                "modifiedby@odata.navigationLink": {
                  "type": "string"
                },
                "modifiedonbehalfby@odata.associationLink": {
                  "type": "string"
                },
                "modifiedonbehalfby@odata.navigationLink": {
                  "type": "string"
                },
                "owninguser@odata.associationLink": {
                  "type": "string"
                },
                "owninguser@odata.navigationLink": {
                  "type": "string"
                },
                "owningteam@odata.associationLink": {
                  "type": "string"
                },
                "owningteam@odata.navigationLink": {
                  "type": "string"
                },
                "ya_staff_SyncErrors@odata.associationLink": {
                  "type": "string"
                },
                "ya_staff_SyncErrors@odata.navigationLink": {
                  "type": "string"
                },
                "ya_staff_DuplicateMatchingRecord@odata.associationLink": {
                  "type": "string"
                },
                "ya_staff_DuplicateMatchingRecord@odata.navigationLink": {
                  "type": "string"
                },
                "ya_staff_DuplicateBaseRecord@odata.associationLink": {
                  "type": "string"
                },
                "ya_staff_DuplicateBaseRecord@odata.navigationLink": {
                  "type": "string"
                },
                "ya_staff_AsyncOperations@odata.associationLink": {
                  "type": "string"
                },
                "ya_staff_AsyncOperations@odata.navigationLink": {
                  "type": "string"
                },
                "ya_staff_MailboxTrackingFolders@odata.associationLink": {
                  "type": "string"
                },
                "ya_staff_MailboxTrackingFolders@odata.navigationLink": {
                  "type": "string"
                },
                "ya_staff_UserEntityInstanceDatas@odata.associationLink": {
                  "type": "string"
                },
                "ya_staff_UserEntityInstanceDatas@odata.navigationLink": {
                  "type": "string"
                },
                "ya_staff_ProcessSession@odata.associationLink": {
                  "type": "string"
                },
                "ya_staff_ProcessSession@odata.navigationLink": {
                  "type": "string"
                },
                "ya_staff_BulkDeleteFailures@odata.associationLink": {
                  "type": "string"
                },
                "ya_staff_BulkDeleteFailures@odata.navigationLink": {
                  "type": "string"
                },
                "ya_staff_PrincipalObjectAttributeAccesses@odata.associationLink": {
                  "type": "string"
                },
                "ya_staff_PrincipalObjectAttributeAccesses@odata.navigationLink": {
                  "type": "string"
                },
                "ya_Staff_Manager_ya_Staff@odata.associationLink": {
                  "type": "string"
                },
                "ya_Staff_Manager_ya_Staff@odata.navigationLink": {
                  "type": "string"
                },
                "ya_ApprovalPath_Approver3_ya_Staff@odata.associationLink": {
                  "type": "string"
                },
                "ya_ApprovalPath_Approver3_ya_Staff@odata.navigationLink": {
                  "type": "string"
                },
                "ya_ApprovalPath_Approver2_ya_Staff@odata.associationLink": {
                  "type": "string"
                },
                "ya_ApprovalPath_Approver2_ya_Staff@odata.navigationLink": {
                  "type": "string"
                },
                "ya_ApprovalPath_Approver1_ya_Staff@odata.associationLink": {
                  "type": "string"
                },
                "ya_ApprovalPath_Approver1_ya_Staff@odata.navigationLink": {
                  "type": "string"
                },
                "ya_Application_Applicant_ya_Staff@odata.associationLink": {
                  "type": "string"
                },
                "ya_Application_Applicant_ya_Staff@odata.navigationLink": {
                  "type": "string"
                }
              }
            }
          }
        },
        "変数ApplicantMailAddressを初期化する": {
          "runAfter": {
            "変数ApplicantNameを初期化する": [
              "Succeeded"
            ]
          },
          "metadata": {
            "operationMetadataId": "56530bdb-a8bd-47e5-a9b5-50eb396a9019"
          },
          "type": "InitializeVariable",
          "inputs": {
            "variables": [
              {
                "name": "ApplicantMailAddress",
                "type": "string",
                "value": "@body('Applicantの解析')?['ya_mailaddress']"
              }
            ]
          }
        },
        "変数を初期化する": {
          "runAfter": {
            "変数NumberOfApproversを初期化する": [
              "Succeeded"
            ]
          },
          "metadata": {
            "operationMetadataId": "f5f5c3a5-8d60-4c8a-9186-79846d43ccee"
          },
          "type": "InitializeVariable",
          "inputs": {
            "variables": [
              {
                "name": "Rejected",
                "type": "boolean",
                "value": false
              }
            ]
          }
        },
        "条件_5": {
          "actions": {
            "メールの送信_(V2)": {
              "runAfter": {},
              "metadata": {
                "operationMetadataId": "0653ebf8-e13d-42f8-a806-8a211e11a4dc"
              },
              "type": "OpenApiConnection",
              "inputs": {
                "host": {
                  "connectionName": "shared_office365",
                  "operationId": "SendEmailV2",
                  "apiId": "/providers/Microsoft.PowerApps/apis/shared_office365"
                },
                "parameters": {
                  "emailMessage/To": "@variables('ApplicantMailAddress')",
                  "emailMessage/Subject": "有給休暇申請",
                  "emailMessage/Body": "<p>却下されました。<br>\n@{triggerOutputs()?['body/ya_startdate']}～@{triggerOutputs()?['body/ya_enddate']}</p>"
                },
                "authentication": "@parameters('$authentication')"
              }
            }
          },
          "runAfter": {
            "Apply_to_each": [
              "Succeeded"
            ]
          },
          "else": {
            "actions": {
              "作成NumberOfApprovers": {
                "runAfter": {},
                "metadata": {
                  "operationMetadataId": "4c930848-28df-4cc4-b8a0-301fe5082085"
                },
                "type": "Compose",
                "inputs": "@variables('NumberOfApprovers')"
              },
              "作成i-1": {
                "runAfter": {
                  "作成NumberOfApprovers": [
                    "Succeeded"
                  ]
                },
                "metadata": {
                  "operationMetadataId": "a13a7032-4d9f-4d42-9c84-f16600c93094"
                },
                "type": "Compose",
                "inputs": "@sub(variables('i'), 1)"
              },
              "条件_6": {
                "actions": {
                  "メールの送信_(V2)_2": {
                    "runAfter": {},
                    "metadata": {
                      "operationMetadataId": "627029a2-ccde-469c-9f71-b686d90b69a3"
                    },
                    "type": "OpenApiConnection",
                    "inputs": {
                      "host": {
                        "connectionName": "shared_office365",
                        "operationId": "SendEmailV2",
                        "apiId": "/providers/Microsoft.PowerApps/apis/shared_office365"
                      },
                      "parameters": {
                        "emailMessage/To": "@variables('ApplicantMailAddress')",
                        "emailMessage/Subject": "有給休暇申請",
                        "emailMessage/Body": "<p>承認されました。<br>\n@{triggerOutputs()?['body/ya_startdate']}～@{triggerOutputs()?['body/ya_enddate']}</p>"
                      },
                      "authentication": "@parameters('$authentication')"
                    }
                  }
                },
                "runAfter": {
                  "作成i-1": [
                    "Succeeded"
                  ]
                },
                "expression": {
                  "equals": [
                    "@outputs('作成NumberOfApprovers')",
                    "@outputs('作成i-1')"
                  ]
                },
                "metadata": {
                  "operationMetadataId": "223b5850-b947-40d9-a4a6-7e814446a793"
                },
                "type": "If"
              }
            }
          },
          "expression": {
            "equals": [
              "@variables('Rejected')",
              true
            ]
          },
          "metadata": {
            "operationMetadataId": "d240b172-9d09-4283-bf6b-5c09d693d62b"
          },
          "type": "If"
        }
      },
      "outputs": {}
    }
  },
  "schemaVersion": "1.0.0.0"
}